"Name","Email"
"岩本 博文","h-iwamoto@te.jp.nec.com"
"20170112112401 山中 太郎","yamanaka_taro@example.jp"
"Ota Yuji","y-ota@uf.jp.nec.com"
"Murakami Yasushi","y-murakami@xc.jp.nec.com"
"Maeda Yuki","y-maeda@wr.cnt.nis.jp.nec.com"
"Ishida Tadahiro","t-ishida@pz.jp.nec.com"
"Itou Katsura","k-itou@qe.jp.nec.com"
"Sato Yusuke(佐藤 悠介)","yu-sato@te.jp.nec.com"
"Yokochi Yuya(横内 佑哉)","y-yokochi@sx.jp.nec.com"
"Kobayashi Takuto(小林 拓人)","ta-kobayashi@wr.jp.nec.com"
"Awano Tomohiro(粟野 智寛)","t-awano@wh.jp.nec.com"
"Katayama Shigeki(片山 茂樹)","s-katayama@vx.jp.nec.com"
"Nogi Reina(野木 伶那)","r-nogi@uf.jp.nec.com"
"Watanabe Masashi(渡邉 雅史)","ma-watanabe@yk.jp.nec.com"
"Kugaya Keisuke(久賀谷 圭祐)","k-kugaya@wm.jp.nec.com"
"Kondo Kazuki(近藤 和輝)","k-kondo@ts.jp.nec.com"
"Nishiguchi Kenichi","k-nishiguchi@tg.jp.nec.com"
"Koike Katsuaki","k-koike@pb.jp.nec.com"
"Masaka Jumpei(真坂 純平)","j-masaka@rf.jp.nec.com"
"Liu Jie(劉 傑)","j-liu@vf.jp.nec.com"
"Toyama Hiroyuki(外山 紘之)","h-toyama@xc.jp.nec.com"
"Soeta Hiroki(添田 啓貴)","h-soeta@rs.jp.nec.com"
"Sasaki Hiromu(佐々木 啓)","h-sasaki@wx.jp.nec.com"
"Fukuma Hajime(福間 元)","h-fukuma@vt.jp.nec.com"
"Komatsu Hideki","h-komatsu@ah.jp.nec.com"
"Eda Mari","m-eda@tg.jp.nec.com"
"Ichikawa Shogo","s-ichikawa@vt.jp.nec.com"
"Mitsui Ayumi","a-mitsui@wx.cnt.nis.jp.nec.com"
"Okazaki Dai(岡崎 大)","d-okazaki@rc.jp.nec.com"
"Ohira Shunya(大平 峻也)","s-ohira@tg.jp.nec.com"
"ＮＥＣ情報システムズ-玉川N棟-29階-A会議室","er-00000011566@gisp.nec.co.jp"
"ＮＥＣ情報システムズ-玉川N棟-29階-B会議室","er-00000011567@gisp.nec.co.jp"
"ＮＥＣ情報システムズ-玉川N棟-29階-C会議室","er-00000011568@gisp.nec.co.jp"
"ＮＥＣ情報システムズ-玉川N棟-29階-D会議室(事業部長会議室)","er-00000011569@gisp.nec.co.jp"
"ＮＥＣ情報システムズ-玉川N棟-29階-E会議室(倉庫)","er-00000011570@gisp.nec.co.jp"
"ＮＥＣ情報システムズ-玉川N棟-29階-F会議室","er-00000011571@gisp.nec.co.jp"
"ＮＥＣ情報システムズ-玉川N棟-29階-MC-G1","er-00000011572@gisp.nec.co.jp"
"ＮＥＣ情報システムズ-玉川N棟-29階-MC-G2","er-00000011573@gisp.nec.co.jp"
"ＮＥＣ情報システムズ-玉川N棟-29階-MC-H1","er-00000011574@gisp.nec.co.jp"
"ＮＥＣ情報システムズ-玉川N棟-29階-MC-H2","er-00000011575@gisp.nec.co.jp"
"ＮＥＣ情報システムズ-玉川N棟-29階-MC-I1","er-00000011576@gisp.nec.co.jp"
"ＮＥＣ情報システムズ-玉川N棟-29階-MC-I2","er-00000011577@gisp.nec.co.jp"
"ＮＥＣ情報システムズ-玉川N棟-29階-MC-J1","er-00000011578@gisp.nec.co.jp"
"Komada Yukinori","y-komada@pb.jp.nec.com"
"Kubota Sachiko","sachi@da.jp.nec.com"
"Kohno Yohko","y-kohno@pb.jp.nec.com"
"Kato Yu","y-kato@ys.jp.nec.com"
"Utaka Hideo","h-utaka@wr.cnt.nis.jp.nec.com"
"Jia Hui","h-jia@uf.jp.nec.com"
"Katagiri Takeshi","katagiri@pb.jp.nec.com"
"Fukuda Shinji","s-fukuda@vt.cnt.nis.jp.nec.com"
"Hasegawa Fumihiko","f-hasegawa@vx.cnt.nis.jp.nec.com"
"Nakazato Rina","r-nakazato@ys.jp.nec.com"
"Shan Hong","k-tan@vx.jp.nec.com"
"ＮＥＣ情報システムズ-玉川N棟-29階-MC-J2","er-00000011579@gisp.nec.co.jp"
"ＮＥＣ情報システムズ-玉川N棟-29階-MC-K1","er-00000011580@gisp.nec.co.jp"
"ＮＥＣ情報システムズ-玉川N棟-29階-MC-K2","er-00000011581@gisp.nec.co.jp"
"ＮＥＣ情報システムズ-玉川N棟-29階-MC-L1","er-00000011582@gisp.nec.co.jp"
"ＮＥＣ情報システムズ-玉川N棟-29階-MC-L2","er-00000011583@gisp.nec.co.jp"
"ＮＥＣ情報システムズ-玉川N棟-29階-MC-M1","er-00000011584@gisp.nec.co.jp"
"ＮＥＣ情報システムズ-玉川N棟-29階-MC-M2","er-00000011585@gisp.nec.co.jp"
"ＮＥＣ情報システムズ-玉川N棟-29階-MC-N1","er-00000011586@gisp.nec.co.jp"
"ＮＥＣ情報システムズ-玉川N棟-29階-MC-N2","er-00000011587@gisp.nec.co.jp"
"工数テーマ",""
"薛 継順","j-xue@xr.jp.nec.com"
"週報","weekreport@nec.com"
"20170104042324 山中 太郎","yamanaka_taro@example.jp"
"test contacts","xuejishun@gmail.com"
"渡辺 閨秀","watanabe@abc.com"
"Gonzalez Rose","rose@edge.com"
"Forbes Sean","sean@edge.com"
"Rogers Jack","jrogers@burlington.com"
"Stumuller Pat","pat@pyramid.net"
"Young Andy","a_young@dickenson.com"
"Barr Tim","barr_tim@grandhotels.com"
"Bond John","bond_john@grandhotels.com"
"Pavlova Stella","spavlova@uog.com"
"Boyle Lauren","lboyle@uog.com"
"Levy Babara","b.levy@expressl&t.net"
"Davis Josh","j.davis@expressl&t.net"
"Grey Jane","jane_gray@uoa.edu"
"Song Arthur","asong@uog.com"
"James Ashley","ajames@uog.com"
"Ripley Tom","tripley@uog.com"
"D'Cruz Liz","ldcruz@uog.com"
"Frank Edna","efrank@genepoint.com"
"Green Avi","agreen@uog.com"
"Nedaerk Siddartha",""
"Llorrac Jake",""
